iter,T,acceptance_rate,F_current,F_best
0,0.5,0.0,0.661798,0.661798
1,0.475,1.0,0.629034,0.629034
2,0.45125,1.0,0.629246,0.629034
3,0.428687,1.0,0.630666,0.629034
4,0.407253,1.0,0.632654,0.629034
5,0.38689,1.0,0.635294,0.629034
6,0.367546,1.0,0.654105,0.629034
7,0.349169,1.0,0.653411,0.629034
8,0.33171,1.0,0.649866,0.629034
9,0.315125,1.0,0.654075,0.629034
10,0.299368,0.9,0.654075,0.629034
11,0.2844,0.818182,0.654075,0.629034
12,0.27018,0.833333,0.651876,0.629034
13,0.256671,0.769231,0.651876,0.629034
14,0.243837,0.785714,0.65264,0.629034
15,0.231646,0.733333,0.65264,0.629034
16,0.220063,0.75,0.651184,0.629034
17,0.20906,0.764706,0.652515,0.629034
18,0.198607,0.777778,0.652244,0.629034
19,0.188677,0.789474,0.651766,0.629034
20,0.179243,0.8,0.652964,0.629034
21,0.170281,0.761905,0.652964,0.629034
22,0.161767,0.772727,0.653574,0.629034
23,0.153678,0.73913,0.653574,0.629034
24,0.145995,0.75,0.68603,0.629034
25,0.138695,0.76,0.68894,0.629034
26,0.13176,0.769231,0.688675,0.629034
27,0.125172,0.777778,0.680481,0.629034
28,0.118913,0.785714,0.688394,0.629034
29,0.112968,0.758621,0.688394,0.629034
30,0.107319,0.766667,0.684713,0.629034
31,0.101953,0.741935,0.684713,0.629034
32,0.096856,0.75,0.661542,0.629034
33,0.092013,0.757576,0.646396,0.629034
34,0.087412,0.764706,0.650897,0.629034
35,0.083042,0.771429,0.652009,0.629034
36,0.07889,0.777778,0.685548,0.629034
37,0.074945,0.756757,0.685548,0.629034
38,0.071198,0.763158,0.680026,0.629034
39,0.067638,0.74359,0.680026,0.629034
40,0.064256,0.75,0.676684,0.629034
41,0.061043,0.731707,0.676684,0.629034
42,0.057991,0.738095,0.640805,0.629034
43,0.055092,0.744186,0.639528,0.629034
44,0.052337,0.75,0.641665,0.629034
45,0.04972,0.755556,0.623904,0.623904
46,0.047234,0.73913,0.623904,0.623904
47,0.044872,0.744681,0.641557,0.623904
48,0.042629,0.75,0.642889,0.623904
49,0.040497,0.734694,0.642889,0.623904
50,0.038472,0.72,0.642889,0.623904
51,0.036549,0.72549,0.644043,0.623904
52,0.034721,0.730769,0.64742,0.623904
53,0.032985,0.735849,0.633159,0.623904
54,0.031336,0.740741,0.659111,0.623904
55,0.029769,0.727273,0.659111,0.623904
56,0.028281,0.732143,0.667588,0.623904
57,0.026867,0.736842,0.670038,0.623904
58,0.025523,0.724138,0.670038,0.623904
59,0.024247,0.728814,0.636494,0.623904
60,0.023035,0.716667,0.636494,0.623904
61,0.021883,0.704918,0.636494,0.623904
62,0.020789,0.693548,0.636494,0.623904
63,0.01975,0.68254,0.636494,0.623904
64,0.018762,0.6875,0.635643,0.623904
65,0.017824,0.676923,0.635643,0.623904
66,0.016933,0.666667,0.635643,0.623904
67,0.016086,0.656716,0.635643,0.623904
68,0.015282,0.647059,0.635643,0.623904
69,0.014518,0.652174,0.634428,0.623904
70,0.013792,0.657143,0.641524,0.623904
71,0.013102,0.661972,0.643575,0.623904
72,0.012447,0.652778,0.643575,0.623904
73,0.011825,0.643836,0.643575,0.623904
74,0.011234,0.648649,0.64282,0.623904
75,0.010672,0.64,0.64282,0.623904
76,0.010138,0.644737,0.64395,0.623904
77,0.009631,0.636364,0.64395,0.623904
78,0.00915,0.641026,0.646404,0.623904
79,0.008692,0.632911,0.646404,0.623904
80,0.008258,0.625,0.646404,0.623904
81,0.007845,0.617284,0.646404,0.623904
82,0.007453,0.621951,0.647527,0.623904
83,0.00708,0.614458,0.647527,0.623904
84,0.006726,0.619048,0.643146,0.623904
85,0.00639,0.623529,0.639469,0.623904
86,0.00607,0.627907,0.637949,0.623904
87,0.005767,0.632184,0.633067,0.623904
88,0.005478,0.636364,0.63149,0.623904
89,0.005204,0.629213,0.63149,0.623904
90,0.004944,0.633333,0.631856,0.623904
91,0.004697,0.626374,0.631856,0.623904
92,0.004462,0.619565,0.631856,0.623904
93,0.004239,0.623656,0.630786,0.623904
94,0.004027,0.617021,0.630786,0.623904
95,0.003826,0.610526,0.630786,0.623904
96,0.003634,0.604167,0.630786,0.623904
97,0.003453,0.597938,0.630786,0.623904
98,0.00328,0.591837,0.630786,0.623904
99,0.003116,0.585859,0.630786,0.623904
100,0.00296,0.59,0.633891,0.623904
101,0.002812,0.594059,0.636003,0.623904
102,0.002672,0.598039,0.642337,0.623904
103,0.002538,0.601942,0.643939,0.623904
104,0.002411,0.596154,0.643939,0.623904
105,0.002291,0.590476,0.643939,0.623904
106,0.002176,0.584906,0.643939,0.623904
107,0.002067,0.579439,0.643939,0.623904
108,0.001964,0.574074,0.643939,0.623904
109,0.001866,0.577982,0.654991,0.623904
110,0.001772,0.581818,0.649037,0.623904
111,0.001684,0.576577,0.649037,0.623904
112,0.0016,0.580357,0.646219,0.623904
113,0.00152,0.584071,0.645555,0.623904
114,0.001444,0.578947,0.645555,0.623904
115,0.001371,0.582609,0.64497,0.623904
116,0.001303,0.577586,0.64497,0.623904
117,0.001238,0.581197,0.643839,0.623904
118,0.001176,0.584746,0.636554,0.623904
119,0.001117,0.579832,0.636554,0.623904
120,0.001061,0.575,0.636554,0.623904
121,0.001008,0.570248,0.636554,0.623904
122,0.000958,0.57377,0.630934,0.623904
123,0.00091,0.569106,0.630934,0.623904
124,0.000864,0.572581,0.629682,0.623904
125,0.000821,0.568,0.629682,0.623904
126,0.00078,0.563492,0.629682,0.623904
127,0.000741,0.559055,0.629682,0.623904
128,0.000704,0.5625,0.630673,0.623904
129,0.000669,0.55814,0.630673,0.623904
130,0.000635,0.561538,0.630388,0.623904
131,0.000604,0.564885,0.627549,0.623904
132,0.000573,0.568182,0.62714,0.623904
133,0.000545,0.56391,0.62714,0.623904
134,0.000518,0.567164,0.625296,0.623904
135,0.000492,0.562963,0.625296,0.623904
136,0.000467,0.566176,0.623646,0.623646
137,0.000444,0.562044,0.623646,0.623646
138,0.000422,0.557971,0.623646,0.623646
139,0.0004,0.553957,0.623646,0.623646
140,0.00038,0.55,0.623646,0.623646
141,0.000361,0.546099,0.623646,0.623646
142,0.000343,0.542254,0.623646,0.623646
143,0.000326,0.538462,0.623646,0.623646
144,0.00031,0.534722,0.623646,0.623646
145,0.000294,0.531034,0.623646,0.623646
146,0.00028,0.527397,0.623646,0.623646
147,0.000266,0.52381,0.623646,0.623646
148,0.000252,0.52027,0.623646,0.623646
149,0.00024,0.516779,0.623646,0.623646
150,0.000228,0.513333,0.623646,0.623646
