w_N,seed,F_best,N_exposed,L_total,R_N,R_L,topology,n_accepted,cum_acceptance,n_worse_accepted,last_improve_gen,runtime_s,success,timed_out,init_valid
0.0,0,0.915527,2823371,759.15,54.239,8.447,"((1,2),((3,4),5))",66,0.440000,21,149,555.7,True,False,True
0.0,1,0.926141,2634835,767.96,57.294,7.386,"((1,2),(3,(4,5)))",62,0.413333,17,149,512.3,True,False,True
0.0,2,0.915936,2754991,759.49,55.347,8.406,"((1,2),((3,4),5))",50,0.333333,12,134,534.7,True,False,True
0.0,3,0.925299,2328959,767.26,62.252,7.470,"((1,2),(3,(4,5)))",45,0.300000,13,123,516.9,True,False,True
0.0,4,0.936224,2541154,776.32,58.813,6.378,"((1,2),((3,4),5))",50,0.333333,10,147,657.2,True,False,True
0.0,5,0.993260,2763168,823.61,55.214,0.674,"(1,((2,(3,4)),5))",21,0.140000,7,132,663.3,True,False,True
0.0,6,0.916101,2807598,759.63,54.494,8.390,"((1,2),((3,4),5))",45,0.300000,4,150,568.2,True,False,True
0.0,7,0.945524,2049792,784.03,66.777,5.448,"((1,2),(3,(4,5)))",54,0.360000,13,148,644.7,True,False,True
0.0,8,0.917224,2798922,760.56,54.635,8.278,"((1,2),((3,4),5))",40,0.266667,7,144,574.9,True,False,True
0.0,9,0.916040,2756066,759.58,55.329,8.396,"((1,2),((3,4),5))",51,0.340000,12,105,492.3,True,False,True
0.0,10,0.914099,2775449,757.97,55.015,8.590,"((1,2),((3,4),5))",64,0.426667,17,143,538.0,True,False,True
0.0,11,0.941224,2034044,780.46,67.032,5.878,"((1,2),(3,(4,5)))",54,0.360000,16,97,650.4,True,False,True
0.0,12,0.916637,2757719,760.08,55.303,8.336,"((1,2),((3,4),5))",56,0.373333,18,149,525.3,True,False,True
0.0,13,0.915957,2754991,759.51,55.347,8.404,"((1,2),((3,4),5))",62,0.413333,11,137,626.1,True,False,True
0.0,14,0.915527,2823371,759.15,54.239,8.447,"((1,2),((3,4),5))",52,0.346667,12,127,463.7,True,False,True
0.0,15,0.916151,2771593,759.67,55.078,8.385,"((1,2),((3,4),5))",57,0.380000,16,125,416.8,True,False,True
0.0,16,0.941554,2060372,780.74,66.605,5.845,"((1,2),(3,(4,5)))",52,0.346667,14,150,723.8,True,False,True
0.0,17,0.977866,1830518,810.85,70.331,2.213,"((1,2),((3,4),5))",42,0.280000,13,9,579.0,True,False,True
0.0,18,0.916091,2755628,759.62,55.337,8.391,"((1,2),((3,4),5))",56,0.373333,16,144,485.7,True,False,True
0.0,19,0.923853,2533290,766.06,58.940,7.615,"((1,2),(3,(4,5)))",55,0.366667,16,110,522.9,True,False,True
0.1,0,0.869148,2742452,759.82,55.550,8.367,"((1,2),((3,4),5))",61,0.406667,22,148,566.0,True,False,True
0.1,1,0.869067,2178989,768.16,64.683,7.361,"((1,2),(3,(4,5)))",59,0.393333,16,149,508.9,True,False,True
0.1,2,0.869895,2776981,759.99,54.991,8.346,"((1,2),((3,4),5))",62,0.413333,20,134,537.5,True,False,True
0.1,3,0.871864,2449236,766.70,60.303,7.537,"((1,2),(3,(4,5)))",58,0.386667,18,137,565.5,True,False,True
0.1,4,0.902479,3015686,786.45,51.122,5.155,"(1,((2,(3,4)),5))",44,0.293333,13,147,668.4,True,False,True
0.1,5,0.912426,2856277,798.00,53.705,3.763,"(1,((2,(3,4)),5))",22,0.146667,7,124,716.2,True,False,True
0.1,6,0.916323,2831517,801.96,54.107,3.286,"(1,((2,(3,4)),5))",27,0.180000,5,120,718.2,True,False,True
0.1,7,0.933591,2736159,819.29,55.652,1.195,"(1,(((2,3),4),5))",42,0.280000,15,124,688.8,True,False,True
0.1,8,0.885642,2025130,785.73,67.177,5.242,"((1,2),((3,4),5))",29,0.193333,7,150,361.6,True,False,True
0.1,9,0.872688,2781690,762.50,54.914,8.044,"((1,2),((3,4),5))",63,0.420000,20,133,502.4,True,False,True
0.1,10,0.959475,2832709,841.70,54.087,-1.507,"(1,(((2,3),4),5))",61,0.406667,21,124,703.2,True,False,True
0.1,11,0.869206,2161751,768.55,64.962,7.315,"((1,2),(3,(4,5)))",53,0.353333,20,142,499.2,True,False,True
0.1,12,0.871183,2086406,771.49,66.183,6.959,"((1,2),(3,(4,5)))",54,0.360000,15,144,468.0,True,False,True
0.1,13,0.867668,2751422,758.32,55.405,8.548,"((1,2),((3,4),5))",52,0.346667,11,137,467.5,True,False,True
0.1,14,0.868961,2160797,768.34,64.978,7.340,"((1,2),(3,(4,5)))",55,0.366667,24,147,443.1,True,False,True
0.1,15,0.869782,2764358,760.08,55.195,8.336,"((1,2),((3,4),5))",53,0.353333,16,121,440.2,True,False,True
0.1,16,0.879494,2018103,780.17,67.290,5.913,"((1,2),(3,(4,5)))",51,0.340000,15,145,660.9,True,False,True
0.1,17,0.909749,1830518,810.85,70.331,2.213,"((1,2),((3,4),5))",42,0.280000,13,9,520.4,True,False,True
0.1,18,0.871761,2640538,763.75,57.202,7.893,"((1,2),((3,4),5))",53,0.353333,17,60,538.1,True,False,True
0.1,19,0.867604,2744015,758.38,55.525,8.541,"((1,2),((3,4),5))",66,0.440000,19,147,422.4,True,False,True
0.2,0,0.818846,1855848,786.38,69.920,5.164,"((1,2),(3,(4,5)))",67,0.446667,19,141,540.3,True,False,True
0.2,1,0.812361,2170239,769.09,64.825,7.249,"((1,2),(3,(4,5)))",58,0.386667,15,145,494.9,True,False,True
0.2,2,0.822037,2545444,766.52,58.743,7.560,"((1,2),((3,4),5))",65,0.433333,23,146,474.5,True,False,True
0.2,3,0.811324,2160797,768.34,64.978,7.340,"((1,2),(3,(4,5)))",53,0.353333,17,136,419.7,True,False,True
0.2,4,0.818960,1785071,788.88,71.067,4.863,"((1,2),(3,(4,5)))",50,0.333333,16,148,561.4,True,False,True
0.2,5,0.876529,2568187,822.23,58.375,0.840,"(1,((2,(3,4)),5))",17,0.113333,3,102,635.2,True,False,True
0.2,6,0.848420,2782429,785.90,54.902,5.222,"(1,((2,(3,4)),5))",31,0.206667,5,107,529.7,True,False,True
0.2,7,0.816984,2084645,776.76,66.212,6.324,"((1,2),(3,(4,5)))",55,0.366667,14,147,649.8,True,False,True
0.2,8,0.820496,2059274,781.25,66.623,5.782,"((1,2),((3,4),5))",31,0.206667,6,148,553.9,True,False,True
0.2,9,0.813994,1867204,780.97,69.736,5.817,"((1,2),(3,(4,5)))",65,0.433333,16,117,469.1,True,False,True
0.2,10,0.821524,2080488,781.61,66.279,5.740,"((1,2),((3,4),5))",50,0.333333,12,145,458.4,True,False,True
0.2,11,0.821728,2500962,767.69,59.464,7.418,"((1,2),((3,4),5))",38,0.253333,17,144,505.7,True,False,True
0.2,12,0.812523,2081649,772.24,66.260,6.869,"((1,2),(3,(4,5)))",61,0.406667,21,148,475.9,True,False,True
0.2,13,0.822377,2085750,782.31,66.194,5.654,"((1,2),((3,4),5))",42,0.280000,15,88,480.2,True,False,True
0.2,14,0.862825,1854034,832.02,69.950,-0.341,"((1,(2,3)),(4,5))",42,0.280000,11,107,415.5,True,False,True
0.2,15,0.812711,1869811,779.55,69.694,5.988,"((1,2),(3,(4,5)))",52,0.346667,16,139,436.2,True,False,True
0.2,16,0.836647,1762905,807.95,71.427,2.562,"((1,2),(3,(4,5)))",57,0.380000,19,5,613.9,True,False,True
0.2,17,0.841631,1830518,810.85,70.331,2.213,"((1,2),((3,4),5))",42,0.280000,13,9,505.1,True,False,True
0.2,18,0.820810,2751422,758.32,55.405,8.548,"((1,2),((3,4),5))",56,0.373333,17,139,490.8,True,False,True
0.2,19,0.820391,2095041,779.94,66.043,5.940,"((1,2),((3,4),5))",51,0.340000,14,133,476.0,True,False,True
0.3,0,0.749627,1825312,782.85,70.415,5.590,"((1,2),(3,(4,5)))",51,0.340000,20,119,474.1,True,False,True
0.3,1,0.750774,1820289,784.50,70.497,5.391,"((1,2),(3,(4,5)))",62,0.413333,20,131,481.5,True,False,True
0.3,2,0.749998,1812091,784.05,70.630,5.445,"((1,2),(3,(4,5)))",58,0.386667,18,126,471.9,True,False,True
0.3,3,0.797536,1777533,842.35,71.190,-1.586,"(1,((2,3),(4,5)))",45,0.300000,15,139,694.0,True,False,True
0.3,4,0.757453,1807359,793.15,70.706,4.347,"((1,2),((3,4),5))",52,0.346667,19,129,476.7,True,False,True
0.3,5,0.757662,1805656,793.50,70.734,4.305,"((1,2),((3,4),5))",35,0.233333,7,105,500.9,True,False,True
0.3,6,0.749093,1811166,783.03,70.644,5.568,"((1,2),(3,(4,5)))",45,0.300000,12,132,527.3,True,False,True
0.3,7,0.749551,1817769,783.20,70.537,5.548,"((1,2),(3,(4,5)))",56,0.373333,14,148,669.9,True,False,True
0.3,8,0.751909,1781051,788.10,71.133,4.956,"((1,2),(3,(4,5)))",40,0.266667,10,123,645.2,True,False,True
0.3,9,0.757050,1814561,792.26,70.589,4.455,"((1,2),((3,4),5))",58,0.386667,15,120,459.8,True,False,True
0.3,10,0.750191,1814065,784.17,70.598,5.431,"((1,2),(3,(4,5)))",60,0.400000,11,145,705.1,True,False,True
0.3,11,0.756229,2141332,772.47,65.293,6.842,"((1,2),(3,(4,5)))",58,0.386667,19,149,527.7,True,False,True
0.3,12,0.763266,1811890,799.78,70.633,3.548,"(((1,2),3),(4,5))",50,0.333333,21,149,503.0,True,False,True
0.3,13,0.751249,1824016,784.85,70.436,5.349,"((1,2),(3,(4,5)))",61,0.406667,15,122,538.4,True,False,True
0.3,14,0.791555,1815324,833.09,70.577,-0.469,"((1,(2,3)),(4,5))",40,0.266667,12,104,484.9,True,False,True
0.3,15,0.750903,1811562,785.15,70.638,5.312,"((1,2),(3,(4,5)))",59,0.393333,16,139,532.7,True,False,True
0.3,16,0.752698,1773855,789.45,71.249,4.794,"((1,2),(3,(4,5)))",52,0.346667,19,146,677.5,True,False,True
0.3,17,0.756847,1797824,792.99,70.861,4.367,"((1,2),((3,4),5))",47,0.313333,13,149,477.8,True,False,True
0.3,18,0.750158,1803748,784.72,70.765,5.364,"((1,2),(3,(4,5)))",51,0.340000,16,144,572.1,True,False,True
0.3,19,0.748533,1825944,781.52,70.405,5.750,"((1,2),(3,(4,5)))",49,0.326667,20,126,575.9,True,False,True
0.4,0,0.685854,1806376,786.00,70.722,5.210,"((1,2),(3,(4,5)))",49,0.326667,20,120,646.7,True,False,True
0.4,1,0.689635,1793317,792.40,70.934,4.438,"((1,2),((3,4),5))",48,0.320000,18,129,565.6,True,False,True
0.4,2,0.684891,1819257,783.52,70.513,5.509,"((1,2),(3,(4,5)))",59,0.393333,18,146,599.1,True,False,True
0.4,3,0.692114,1866748,789.24,69.744,4.819,"((1,2),(3,(4,5)))",46,0.306667,13,141,563.5,True,False,True
0.4,4,0.742864,1826797,862.96,70.391,-4.071,"(1,(2,((3,4),5)))",34,0.226667,9,145,831.8,True,False,True
0.4,5,0.706698,2110960,787.52,65.785,5.027,"((1,2),((3,4),5))",31,0.206667,7,149,789.4,True,False,True
0.4,6,0.685938,1777632,788.69,71.188,4.885,"((1,2),(3,(4,5)))",40,0.266667,8,140,603.2,True,False,True
0.4,7,0.721295,1784427,836.95,71.078,-0.934,"((1,(2,3)),(4,5))",56,0.373333,17,127,541.8,True,False,True
0.4,8,0.692031,1797797,795.31,70.861,4.087,"((1,2),((3,4),5))",46,0.306667,8,139,726.0,True,False,True
0.4,9,0.686447,1771172,789.98,71.293,4.730,"((1,2),(3,(4,5)))",52,0.346667,15,141,568.3,True,False,True
0.4,10,0.689859,1802233,791.91,70.789,4.497,"((1,2),((3,4),5))",50,0.333333,21,48,556.0,True,False,True
0.4,11,0.693516,1805981,796.63,70.729,3.928,"((1,2),((3,4),5))",50,0.333333,17,139,613.7,True,False,True
0.4,12,0.685128,1799710,785.60,70.830,5.259,"((1,2),(3,(4,5)))",66,0.440000,20,149,441.8,True,False,True
0.4,13,0.685822,1809080,785.72,70.678,5.244,"((1,2),(3,(4,5)))",60,0.400000,20,138,609.6,True,False,True
0.4,14,0.691109,1813972,792.58,70.599,4.416,"((1,2),((3,4),5))",56,0.373333,14,98,567.1,True,False,True
0.4,15,0.685102,1803359,785.23,70.771,5.302,"((1,2),(3,(4,5)))",54,0.360000,14,139,629.4,True,False,True
0.4,16,0.683918,1799950,783.90,70.826,5.463,"((1,2),(3,(4,5)))",66,0.440000,19,108,617.1,True,False,True
0.4,17,0.693236,1790889,797.59,70.973,3.812,"((1,2),((3,4),5))",43,0.286667,14,127,529.0,True,False,True
0.4,18,0.691238,1786536,795.22,71.044,4.098,"((1,2),((3,4),5))",47,0.313333,16,139,591.3,True,False,True
0.4,19,0.686530,1784732,788.88,71.073,4.863,"((1,2),(3,(4,5)))",59,0.393333,22,149,659.9,True,False,True
0.5,0,0.621631,1804108,788.45,70.759,4.915,"((1,2),(3,(4,5)))",52,0.346667,19,97,559.2,True,False,True
0.5,1,0.626922,1758341,803.37,71.501,3.115,"((1,2),(3,(4,5)))",65,0.433333,22,128,589.7,True,False,True
0.5,2,0.625767,1802297,795.55,70.788,4.058,"((1,2),(3,(4,5)))",59,0.393333,22,137,632.0,True,False,True
0.5,3,0.620864,1841474,782.15,70.153,5.674,"((1,2),(3,(4,5)))",55,0.366667,20,129,490.2,True,False,True
0.5,4,0.623876,1768797,796.91,71.331,3.894,"((1,2),((3,4),5))",41,0.273333,11,147,659.9,True,False,True
0.5,5,0.625807,1766536,800.42,71.368,3.471,"((1,2),(3,(4,5)))",23,0.153333,4,144,767.1,True,False,True
0.5,6,0.619588,1817546,783.25,70.541,5.541,"((1,2),(3,(4,5)))",42,0.280000,11,149,680.9,True,False,True
0.5,7,0.623726,1797013,792.87,70.874,4.381,"((1,2),(3,(4,5)))",54,0.360000,17,150,705.9,True,False,True
0.5,8,0.624507,1770334,797.75,71.306,3.792,"((1,2),((3,4),5))",40,0.266667,13,148,690.1,True,False,True
0.5,9,0.636695,1489958,855.65,75.851,-3.190,"((1,2),(3,(4,5)))",61,0.406667,22,133,431.3,True,False,True
0.5,10,0.622665,1776133,793.92,71.212,4.255,"((1,2),((3,4),5))",57,0.380000,21,147,424.6,True,False,True
0.5,11,0.623540,1781588,794.64,71.124,4.168,"((1,2),((3,4),5))",45,0.300000,16,143,600.8,True,False,True
0.5,12,0.620904,1810766,786.34,70.651,5.168,"((1,2),(3,(4,5)))",44,0.293333,16,144,486.2,True,False,True
0.5,13,0.624676,1778376,796.95,71.176,3.889,"((1,2),((3,4),5))",52,0.346667,14,128,598.1,True,False,True
0.5,14,0.622086,1773341,793.33,71.258,4.325,"((1,2),(3,(4,5)))",57,0.380000,19,132,482.4,True,False,True
0.5,15,0.620187,1763979,791.44,71.409,4.553,"((1,2),(3,(4,5)))",48,0.320000,14,144,531.0,True,False,True
0.5,16,0.618578,1805312,783.22,70.739,5.545,"((1,2),(3,(4,5)))",51,0.340000,18,147,615.3,True,False,True
0.5,17,0.638550,1464428,862.16,76.264,-3.974,"((1,2),(3,(4,5)))",64,0.426667,18,150,388.8,True,False,True
0.5,18,0.619548,1784212,787.67,71.081,5.009,"((1,2),(3,(4,5)))",59,0.393333,16,123,541.7,True,False,True
0.5,19,0.619728,1791534,786.98,70.963,5.092,"((1,2),(3,(4,5)))",51,0.340000,17,141,632.5,True,False,True
0.6,0,0.553103,1771931,789.37,71.280,4.804,"((1,2),(3,(4,5)))",54,0.360000,17,150,645.7,True,False,True
0.6,1,0.554236,1774471,791.21,71.239,4.582,"((1,2),(3,(4,5)))",60,0.400000,20,130,566.4,True,False,True
0.6,2,0.553934,1772458,790.99,71.272,4.609,"((1,2),(3,(4,5)))",50,0.333333,18,141,642.7,True,False,True
0.6,3,0.557528,1790028,794.89,70.987,4.137,"((1,2),((3,4),5))",51,0.340000,24,120,542.0,True,False,True
0.6,4,0.553982,1771271,791.32,71.291,4.568,"((1,2),(3,(4,5)))",54,0.360000,15,148,620.3,True,False,True
0.6,5,0.556958,1770407,797.67,71.305,3.803,"((1,2),((3,4),5))",42,0.280000,12,134,640.4,True,False,True
0.6,6,0.553813,1776258,789.97,71.210,4.731,"((1,2),(3,(4,5)))",43,0.286667,14,140,648.3,True,False,True
0.6,7,0.557991,1756182,802.68,71.536,3.199,"((1,2),(3,(4,5)))",46,0.306667,13,144,714.8,True,False,True
0.6,8,0.557217,1756245,801.06,71.535,3.394,"((1,2),((3,4),5))",48,0.320000,13,127,654.6,True,False,True
0.6,9,0.554260,1794401,787.24,70.916,5.061,"((1,2),(3,(4,5)))",54,0.360000,24,96,579.6,True,False,True
0.6,10,0.553715,1765032,792.03,71.392,4.483,"((1,2),(3,(4,5)))",54,0.360000,18,142,543.1,True,False,True
0.6,11,0.558037,1759107,802.18,71.488,3.258,"((1,2),(3,(4,5)))",49,0.326667,14,150,500.4,True,False,True
0.6,12,0.556304,1782769,793.82,71.105,4.267,"((1,2),(3,(4,5)))",58,0.386667,15,150,526.8,True,False,True
0.6,13,0.554467,1812329,784.05,70.626,5.445,"((1,2),(3,(4,5)))",64,0.426667,22,117,483.5,True,False,True
0.6,14,0.583588,1734046,860.20,71.894,-3.739,"(1,((2,3),(4,5)))",57,0.380000,14,150,619.3,True,False,True
0.6,15,0.557273,1789301,794.51,70.999,4.183,"((1,2),(3,(4,5)))",44,0.293333,14,143,511.4,True,False,True
0.6,16,0.554910,1773029,792.89,71.263,4.379,"((1,2),(3,(4,5)))",55,0.366667,19,146,595.2,True,False,True
0.6,17,0.557479,1766040,799.63,71.376,3.566,"((1,2),(3,(4,5)))",49,0.326667,16,78,541.2,True,False,True
0.6,18,0.557438,1802394,792.21,70.787,4.460,"((1,2),((3,4),5))",34,0.226667,12,14,451.4,True,False,True
0.6,19,0.553929,1737466,798.03,71.839,3.759,"((1,2),(3,(4,5)))",47,0.313333,16,136,546.9,True,False,True
0.7,0,0.486426,1761875,791.97,71.443,4.490,"((1,2),(3,(4,5)))",49,0.326667,20,133,471.7,True,False,True
0.7,1,0.489922,1760079,802.19,71.473,3.257,"((1,2),((3,4),5))",52,0.346667,20,125,399.7,True,False,True
0.7,2,0.487846,1776178,791.41,71.212,4.558,"((1,2),(3,(4,5)))",54,0.360000,17,135,532.6,True,False,True
0.7,3,0.489537,1767656,798.75,71.350,3.672,"((1,2),((3,4),5))",52,0.346667,23,150,399.3,True,False,True
0.7,4,0.489133,1755819,801.35,71.542,3.359,"((1,2),((3,4),5))",53,0.353333,14,138,425.2,True,False,True
0.7,5,0.485121,1693552,809.79,72.551,2.341,"(1,(2,(3,(4,5))))",39,0.260000,16,120,657.3,True,False,True
0.7,6,0.489642,1768774,798.70,71.332,3.679,"((1,2),((3,4),5))",39,0.260000,10,147,444.1,True,False,True
0.7,7,0.486684,1661625,824.12,73.068,0.613,"(1,(2,(3,(4,5))))",46,0.306667,8,142,704.1,True,False,True
0.7,8,0.479069,1471746,862.62,76.146,-4.030,"((1,2),(3,(4,5)))",43,0.286667,11,145,430.6,True,False,True
0.7,9,0.477871,1462455,862.22,76.296,-3.982,"((1,2),(3,(4,5)))",59,0.393333,21,143,322.5,True,False,True
0.7,10,0.487044,1747627,798.15,71.674,3.745,"((1,2),(3,(4,5)))",52,0.346667,22,140,508.6,True,False,True
0.7,11,0.485401,1725788,800.45,72.028,3.467,"((1,2),(3,(4,5)))",64,0.426667,23,144,552.1,True,False,True
0.7,12,0.487402,1683529,819.24,72.713,1.202,"(1,(2,(3,(4,5))))",51,0.340000,15,120,587.5,True,False,True
0.7,13,0.486311,1765275,790.58,71.388,4.657,"((1,2),(3,(4,5)))",58,0.386667,25,90,524.1,True,False,True
0.7,14,0.508625,1746502,858.15,71.693,-3.491,"(1,((2,3),(4,5)))",43,0.286667,12,140,515.4,True,False,True
0.7,15,0.490367,1789184,794.30,71.001,4.209,"((1,2),((3,4),5))",43,0.286667,15,143,382.5,True,False,True
0.7,16,0.489210,1775689,795.33,71.220,4.084,"((1,2),(3,(4,5)))",68,0.453333,22,147,637.0,True,False,True
0.7,17,0.491395,1757629,807.03,71.512,2.673,"((1,2),((3,4),5))",38,0.253333,10,150,612.6,True,False,True
0.7,18,0.486990,1769609,791.10,71.318,4.594,"((1,2),(3,(4,5)))",58,0.386667,18,149,511.2,True,False,True
0.7,19,0.486017,1677256,817.37,72.815,1.426,"(1,(2,(3,(4,5))))",45,0.300000,21,130,603.6,True,False,True
0.8,0,0.420710,1767352,794.15,71.355,4.226,"((1,2),(3,(4,5)))",57,0.380000,20,150,458.2,True,False,True
0.8,1,0.421044,1737126,811.79,71.845,2.100,"((1,2),(3,(4,5)))",59,0.393333,17,150,416.9,True,False,True
0.8,2,0.420471,1740576,807.56,71.789,2.610,"((1,2),(3,(4,5)))",48,0.320000,14,141,527.0,True,False,True
0.8,3,0.415537,1674023,822.88,72.867,0.762,"(1,(2,(3,(4,5))))",37,0.246667,16,140,622.8,True,False,True
0.8,4,0.416238,1697128,813.37,72.493,1.910,"(1,(2,(3,(4,5))))",42,0.280000,14,106,628.7,True,False,True
0.8,5,0.415169,1677749,819.35,72.807,1.188,"(1,(2,(3,(4,5))))",41,0.273333,11,137,593.1,True,False,True
0.8,6,0.415065,1673087,821.43,72.882,0.937,"(1,(2,(3,(4,5))))",30,0.200000,11,138,569.7,True,False,True
0.8,7,0.421339,1757332,802.15,71.517,3.263,"((1,2),(3,(4,5)))",49,0.326667,14,148,533.4,True,False,True
0.8,8,0.421276,1759238,800.86,71.486,3.417,"((1,2),((3,4),5))",31,0.206667,8,130,476.5,True,False,True
0.8,9,0.397457,1464739,860.43,76.259,-3.766,"((1,2),(3,(4,5)))",62,0.413333,24,141,393.6,True,False,True
0.8,10,0.421220,1748977,806.15,71.652,2.780,"((1,2),(3,(4,5)))",44,0.293333,6,147,513.9,True,False,True
0.8,11,0.420283,1734057,810.28,71.894,2.281,"((1,2),(3,(4,5)))",47,0.313333,22,148,556.7,True,False,True
0.8,12,0.399813,1411630,898.75,77.120,-8.387,"(1,(2,(3,(4,5))))",55,0.366667,20,145,479.3,True,False,True
0.8,13,0.418783,1741614,800.00,71.772,3.521,"((1,2),(3,(4,5)))",53,0.353333,19,72,520.3,True,False,True
0.8,14,0.423886,1657314,866.48,73.138,-4.495,"(1,((2,3),(4,5)))",37,0.246667,10,106,558.8,True,False,True
0.8,15,0.438380,1812270,843.27,70.627,-1.697,"((1,2),(3,(4,5)))",49,0.326667,15,112,388.0,True,False,True
0.8,16,0.414216,1677795,815.37,72.806,1.667,"(1,(2,(3,(4,5))))",35,0.233333,13,127,633.1,True,False,True
0.8,17,0.429458,1281284,1091.73,79.233,-31.661,"(1,(((2,3),4),5))",27,0.180000,9,139,852.9,True,False,True
0.8,18,0.420416,1769761,791.64,71.316,4.529,"((1,2),(3,(4,5)))",50,0.333333,14,136,508.0,True,False,True
0.8,19,0.419756,1694985,829.10,72.528,0.012,"(1,(2,(3,(4,5))))",36,0.240000,19,46,577.6,True,False,True
0.9,0,0.349747,1661019,890.98,73.078,-7.450,"(1,(2,((3,4),5)))",65,0.433333,24,141,455.4,True,False,True
0.9,1,0.318229,1444796,891.16,76.583,-7.473,"(1,(2,(3,(4,5))))",63,0.420000,22,148,382.8,True,False,True
0.9,2,0.323040,1309729,1094.43,78.772,-31.986,"(1,((2,(3,4)),5))",31,0.206667,14,147,699.5,True,False,True
0.9,3,0.318196,1469364,861.17,76.184,-3.856,"((1,2),(3,(4,5)))",61,0.406667,24,125,329.6,True,False,True
0.9,4,0.341766,1658099,828.33,73.125,0.106,"(1,(2,(3,(4,5))))",51,0.340000,20,130,657.5,True,False,True
0.9,5,0.323730,1459125,919.44,76.350,-10.883,"(1,((2,3),(4,5)))",44,0.293333,13,142,429.3,True,False,True
0.9,6,0.342659,1622746,878.50,73.698,-5.945,"(1,(2,(3,(4,5))))",38,0.253333,16,79,585.9,True,False,True
0.9,7,0.363531,1751032,896.40,71.619,-8.104,"(1,((2,(3,4)),5))",33,0.220000,12,136,603.4,True,False,True
0.9,8,0.395360,1804941,1095.12,70.745,-32.069,"(1,((2,(3,4)),5))",35,0.233333,12,23,561.9,True,False,True
0.9,9,0.313893,1409763,897.58,77.150,-8.247,"(1,(2,(3,(4,5))))",61,0.406667,24,143,330.2,True,False,True
0.9,10,0.343397,1642821,860.33,73.373,-3.754,"(1,(2,(3,(4,5))))",50,0.333333,13,143,636.1,True,False,True
0.9,11,0.345568,1657992,859.99,73.127,-3.713,"(1,(2,(3,(4,5))))",42,0.280000,16,148,606.5,True,False,True
0.9,12,0.341558,1652735,833.09,73.212,-0.469,"(1,(2,(3,(4,5))))",41,0.273333,13,104,638.7,True,False,True
0.9,13,0.338958,1631967,836.65,73.549,-0.899,"(1,(2,(3,(4,5))))",47,0.313333,17,106,609.4,True,False,True
0.9,14,0.345434,1632434,889.79,73.541,-7.307,"(1,((2,3),(4,5)))",43,0.286667,14,139,568.4,True,False,True
0.9,15,0.354216,1752431,817.46,71.596,1.416,"((1,2),((3,4),5))",57,0.380000,17,130,391.9,True,False,True
0.9,16,0.349154,1728174,804.83,71.990,2.939,"((1,2),(3,(4,5)))",59,0.393333,22,134,483.2,True,False,True
0.9,17,0.319356,1465279,875.74,76.251,-5.612,"(((1,2),3),(4,5))",54,0.360000,17,121,335.7,True,False,True
0.9,18,0.313248,1414239,886.82,77.078,-6.949,"(1,(2,(3,(4,5))))",45,0.300000,11,120,327.6,True,False,True
0.9,19,0.343134,1636069,866.32,73.482,-4.476,"(1,(2,(3,(4,5))))",35,0.233333,17,109,568.9,True,False,True
1.0,0,0.264572,1632350,903.23,73.543,-8.928,"(1,(2,(3,(4,5))))",45,0.300000,10,115,596.0,True,False,True
1.0,1,0.255953,1579168,943.01,74.405,-13.725,"(1,(2,(3,(4,5))))",61,0.406667,14,129,428.9,True,False,True
1.0,2,0.264111,1629504,985.48,73.589,-18.848,"(1,(2,(3,(4,5))))",39,0.260000,12,99,545.2,True,False,True
1.0,3,0.261886,1615777,1012.32,73.811,-22.084,"(((1,2),3),(4,5))",57,0.380000,9,146,367.2,True,False,True
1.0,4,0.227641,1404493,985.83,77.236,-18.890,"(1,(2,(3,(4,5))))",58,0.386667,15,117,422.3,True,False,True
1.0,5,0.235231,1451318,951.54,76.477,-14.754,"(((1,2),3),(4,5))",40,0.266667,13,93,368.3,True,False,True
1.0,6,0.255566,1576785,1036.10,74.443,-24.952,"(1,(2,(3,(4,5))))",50,0.333333,18,139,519.0,True,False,True
1.0,7,0.260249,1605673,1064.23,73.975,-28.344,"(1,(2,(3,(4,5))))",43,0.286667,13,133,481.8,True,False,True
1.0,8,0.264608,1632572,980.13,73.539,-18.202,"(1,(2,(3,(4,5))))",55,0.366667,17,150,542.0,True,False,True
1.0,9,0.228264,1408338,927.28,77.174,-11.829,"(1,(2,(3,(4,5))))",41,0.273333,13,120,365.9,True,False,True
1.0,10,0.263265,1624283,1017.13,73.674,-22.663,"(1,(2,(3,(4,5))))",71,0.473333,15,147,487.0,True,False,True
1.0,11,0.264358,1631025,904.80,73.564,-9.117,"(1,(2,(3,(4,5))))",46,0.306667,17,110,605.0,True,False,True
1.0,12,0.264247,1630342,880.05,73.575,-6.132,"(1,(2,(3,(4,5))))",49,0.326667,12,149,586.3,True,False,True
1.0,13,0.263894,1628163,1091.28,73.611,-31.606,"(1,(2,(3,(4,5))))",55,0.366667,13,141,514.9,True,False,True
1.0,14,0.264088,1629364,944.94,73.591,-13.958,"(1,(2,(3,(4,5))))",67,0.446667,17,89,435.2,True,False,True
1.0,15,0.235030,1450081,982.29,76.497,-18.462,"(((1,2),3),(4,5))",53,0.353333,14,146,320.1,True,False,True
1.0,16,0.275890,1702175,897.22,72.411,-8.203,"(1,((2,3),(4,5)))",49,0.326667,17,134,586.3,True,False,True
1.0,17,0.237028,1462405,1041.44,76.297,-25.596,"(((1,2),3),(4,5))",46,0.306667,15,121,338.3,True,False,True
1.0,18,0.264564,1632296,1106.69,73.544,-33.465,"(1,(2,(3,(4,5))))",38,0.253333,13,146,391.4,True,False,True
1.0,19,0.264486,1631816,961.93,73.551,-16.007,"(1,(2,(3,(4,5))))",64,0.426667,19,145,380.4,True,False,True
